id,cf1,cf2,cf3,cf4,cf5,cf6
1,0.46,3.69,2.41,0.7,5.3,2.08
2,0.71,5.57,2.58,0.89,2.71,2.41
3,0.87,5.1,2.08,1.03,3.31,2.59
4,0.69,5.27,1.73,1.03,3.88,2.79
5,1.18,5.56,2.18,1.12,4.21,2.05
6,1.05,5.34,3.73,0.86,3.82,2.18
7,1.29,4.82,1.66,0.59,5.07,2.29
8,1.27,6.3,3.06,1.41,5.76,3.09
9,1.34,4.93,2.6,0.85,3.92,2.57
10,1.56,6.33,1.72,0.98,4.55,2.7
11,2.25,8.36,2.74,0.59,4.5,2.42
12,2.48,5.42,2.55,1.22,3.63,2.4
13,2.13,5.54,2.21,1.09,2.41,2.15
14,2.05,3.89,3.2,0.86,3.66,2.61
15,2.49,4.38,2.55,0.91,4.27,1.97
16,0.75,5.15,2.45,1.19,4.17,3.45
17,2.38,6.54,1.65,0.8,3.56,2.05
18,2.66,4.17,2.91,0.92,2.69,1.74
19,3.07,4.67,2.36,0.88,4.03,2.59
20,2.62,3.19,2.37,0.7,3.04,1.44
21,2.87,3.71,2.44,1.28,2.35,1.29
22,2.57,4.66,3.39,0.65,3.83,1.85
23,2.0,4.48,3.45,1.0,3.17,1.63
24,3.43,4.22,2.71,0.92,3.37,1.6
25,3.32,3.49,3.42,0.66,2.97,1.5
26,3.64,3.72,3.46,1.0,4.06,1.62
27,3.58,4.14,3.28,1.1,4.27,1.82
28,2.25,1.38,2.05,0.98,4.79,1.57
29,2.64,3.89,2.92,0.92,4.8,1.15
30,1.91,3.06,3.3,1.26,4.82,1.53
31,2.29,3.03,3.01,1.14,4.28,1.25
32,3.11,2.67,3.72,1.21,2.54,1.36
33,1.93,2.26,3.37,1.02,4.81,1.49
34,2.41,1.54,3.74,1.08,4.52,1.42
35,2.99,3.04,3.58,1.33,4.48,1.62
36,2.12,2.28,6.33,1.2,6.23,0.94
37,2.67,2.28,4.93,0.98,2.7,1.16
38,1.68,2.61,4.9,1.68,5.05,0.85
39,2.14,2.81,4.19,1.34,4.53,0.78
40,1.86,2.15,4.8,1.4,4.32,1.07
41,1.22,1.1,5.69,1.68,3.5,1.02
42,1.09,1.45,4.59,1.87,4.09,0.95
43,1.37,1.86,5.88,1.71,3.76,0.83
44,1.15,1.49,5.75,1.24,3.64,0.57
45,1.05,1.29,3.92,1.51,2.89,0.48
46,1.2,0.78,5.71,1.57,3.87,0.55
47,0.68,1.27,4.28,1.65,3.08,0.55
48,0.58,0.81,5.53,1.43,4.45,0.33
49,0.38,0.77,5.3,1.83,2.73,0.23
50,0.22,0.98,5.35,1.19,4.63,0.36
51,0.87,4.12,2.03,0.74,3.47,1.85
52,1.03,5.19,3.21,0.89,3.9,1.78
53,1.0,5.12,1.23,0.83,3.95,2.3
54,0.81,4.21,2.62,1.14,4.6,2.72
55,0.94,5.09,2.55,0.54,4.29,2.62
56,1.77,3.78,3.28,0.88,3.58,2.35
57,1.8,3.74,3.28,0.95,3.62,2.36
58,1.8,6.36,2.71,1.05,3.51,2.27
59,2.22,6.22,2.03,0.69,4.57,2.6
60,2.18,5.97,2.83,0.96,4.22,2.34
61,1.95,7.05,2.03,1.03,4.6,3.74
62,2.29,6.63,2.39,1.1,3.93,2.79
63,2.14,5.81,2.17,1.25,4.08,2.74
64,1.71,6.66,3.44,1.22,4.23,1.66
65,2.55,4.34,2.41,0.91,3.97,2.45
66,2.18,7.06,2.62,1.3,3.72,2.68
67,3.34,5.36,3.32,1.08,2.77,3.58
68,2.74,5.05,2.48,1.14,3.04,2.07
69,3.15,5.34,3.25,0.83,3.38,1.91
70,2.28,4.47,3.03,0.86,3.34,1.76
71,4.05,3.95,3.12,0.76,3.35,2.46
72,3.88,3.88,3.28,1.18,1.54,2.25
73,2.68,3.26,3.89,0.71,4.18,2.33
74,3.19,3.46,2.38,1.34,3.74,2.2
75,4.38,2.89,3.26,1.2,3.83,1.37
76,2.56,3.21,3.72,0.58,4.89,1.7
77,3.94,3.78,3.91,0.67,3.38,1.84
78,2.24,3.44,3.46,1.07,4.73,1.38
79,2.09,1.8,2.83,0.91,4.81,1.47
80,2.95,2.23,5.83,0.43,4.35,2.06
81,2.58,3.31,3.36,1.15,4.8,1.21
82,2.48,2.99,5.06,0.88,6.39,1.67
83,1.67,2.91,4.66,1.15,3.39,1.34
84,1.84,2.3,4.74,1.43,5.32,1.52
85,3.03,2.19,3.99,1.32,5.31,1.1
86,2.93,2.28,5.91,1.11,4.84,1.06
87,2.37,2.3,4.05,1.57,4.34,0.97
88,2.42,1.94,4.69,1.46,5.37,1.27
89,2.52,2.07,4.48,1.15,3.82,0.81
90,1.37,1.63,4.58,1.48,5.31,0.77
91,1.97,1.76,4.25,1.46,3.4,0.93
92,1.26,1.59,3.97,1.91,4.65,1.09
93,1.21,0.84,4.03,1.89,4.68,0.66
94,1.13,1.58,6.01,1.37,4.85,0.73
95,1.41,1.68,5.68,1.45,5.63,0.6
96,1.08,0.91,5.3,1.32,4.27,0.54
97,0.83,1.41,5.1,2.04,4.75,0.67
98,0.62,1.16,5.39,1.59,3.47,0.53
99,0.63,1.09,5.63,1.24,4.88,0.31
100,0.28,0.78,5.34,1.22,3.13,0.35
101,0.74,4.11,2.61,0.92,4.74,2.15
102,0.93,4.29,2.72,0.62,4.23,2.73
103,1.07,3.91,2.81,1.04,2.68,3.02
104,1.53,4.45,2.26,0.67,5.09,3.5
105,1.3,5.22,3.66,1.4,4.22,2.99
106,1.48,5.22,1.86,0.68,3.38,3.75
107,1.38,6.26,2.18,0.82,5.04,3.19
108,2.09,5.31,2.38,0.8,2.7,3.15
109,2.11,3.34,3.03,1.14,3.2,1.78
110,2.13,5.12,1.98,1.15,4.23,3.29
111,2.04,4.79,2.84,1.08,5.18,2.11
112,1.96,4.87,2.6,1.17,5.93,2.74
113,2.83,7.69,2.01,1.42,3.4,2.91
114,4.12,6.3,2.31,1.4,3.55,2.61
115,2.95,5.38,2.51,1.09,4.15,2.94
116,2.53,6.49,2.79,0.92,4.84,2.3
117,2.78,3.62,3.64,1.25,4.52,2.24
118,4.06,7.5,2.07,0.98,4.12,1.79
119,4.07,5.26,2.98,1.11,3.72,2.41
120,4.17,5.51,2.57,0.87,3.39,1.03
121,3.08,2.64,2.1,0.86,3.15,1.49
122,2.42,3.49,4.28,1.09,2.56,1.53
123,2.94,5.27,3.39,0.61,4.69,2.04
124,3.36,4.23,3.48,0.85,2.53,2.47
125,2.84,4.43,3.52,0.72,5.92,2.28
126,2.95,3.76,3.26,0.95,4.15,1.76
127,2.86,3.03,2.97,0.86,3.91,1.07
128,3.58,3.49,3.51,0.97,4.47,1.69
129,3.38,3.57,4.14,0.97,2.88,1.45
130,4.84,4.17,2.47,0.78,5.3,2.0
131,3.94,2.22,3.73,1.25,4.89,1.49
132,3.95,3.02,3.49,1.27,5.48,1.48
133,2.78,2.57,4.65,0.86,5.18,1.4
134,2.17,2.92,3.59,1.08,4.86,1.32
135,2.14,2.21,2.13,1.47,4.8,1.2
136,2.99,1.79,3.39,1.62,3.28,1.25
137,2.2,3.32,4.23,1.42,5.66,0.99
138,2.47,2.28,5.46,1.36,4.83,1.05
139,1.95,1.93,3.5,1.68,5.32,1.17
140,1.78,1.98,5.02,1.34,4.48,0.73
141,1.59,1.56,5.42,1.48,4.85,0.78
142,1.05,1.78,4.57,1.5,4.16,0.83
143,1.69,1.87,6.12,1.58,4.86,0.69
144,1.07,1.61,6.52,1.48,4.19,0.44
145,1.45,1.36,4.72,1.58,3.2,0.63
146,0.75,1.23,4.45,2.13,3.27,0.56
147,0.93,1.04,4.23,1.74,3.37,0.37
148,0.83,0.6,3.9,1.74,3.04,0.43
149,0.78,0.88,6.97,1.28,4.05,0.36
150,0.49,0.94,4.63,1.35,3.2,0.21
151,0.76,3.65,3.04,0.99,4.03,2.63
152,0.97,3.62,2.37,0.89,4.42,2.61
153,1.06,4.05,2.2,1.06,4.8,2.36
154,1.6,3.36,2.94,1.05,4.58,2.68
155,1.17,2.7,2.62,1.11,4.74,3.51
156,1.61,3.75,3.08,0.9,4.47,2.24
157,1.94,5.63,2.55,1.12,5.59,2.77
158,1.2,5.52,2.77,1.04,4.6,1.98
159,1.28,4.74,2.46,0.54,4.27,2.49
160,2.46,6.34,3.58,1.25,3.79,1.33
161,1.7,7.17,2.59,0.97,5.45,2.77
162,3.12,5.94,3.11,0.95,5.39,2.55
163,2.37,5.99,1.66,1.52,4.68,2.94
164,1.62,8.47,2.23,1.32,2.72,2.53
165,2.56,6.75,2.33,1.02,3.81,2.68
166,4.73,4.98,2.28,0.86,3.65,1.76
167,3.29,4.36,3.65,0.67,4.03,2.95
168,3.37,6.56,2.53,1.22,4.64,2.32
169,3.74,4.46,3.34,0.94,4.29,2.39
170,3.71,5.67,2.72,1.08,2.68,2.25
171,4.8,4.05,2.28,0.91,3.14,1.64
172,2.2,3.46,3.55,0.72,2.5,1.52
173,2.96,3.57,2.39,0.95,3.5,1.78
174,4.23,4.32,2.79,1.08,3.33,1.85
175,4.51,3.21,4.14,0.97,3.09,1.46
176,3.68,2.76,3.1,0.84,3.39,1.71
177,4.59,5.45,4.05,0.83,5.91,2.23
178,3.14,2.88,3.48,0.72,4.65,2.15
179,3.69,3.26,3.46,1.15,2.79,1.4
180,3.37,3.32,3.42,0.87,5.31,2.19
181,2.83,2.63,4.05,0.89,4.4,1.71
182,3.8,2.67,4.18,1.0,5.0,1.09
183,3.14,2.56,4.0,1.03,3.5,1.11
184,2.77,2.86,3.59,1.03,4.88,1.58
185,2.82,3.06,5.25,1.07,5.81,1.51
186,2.66,3.12,4.66,0.96,6.14,1.02
187,2.51,2.3,4.31,0.87,6.29,0.59
188,2.8,2.07,5.97,1.01,3.31,1.22
189,1.94,2.12,6.64,0.96,5.71,1.0
190,2.11,2.05,4.5,1.02,4.97,0.84
191,1.55,1.66,3.78,1.65,5.61,0.86
192,1.41,2.07,5.52,1.22,4.11,0.79
193,1.29,0.83,4.1,1.45,3.63,0.59
194,1.1,1.27,4.52,1.67,4.03,0.52
195,1.84,1.35,5.38,1.38,4.24,0.45
196,0.91,1.29,3.03,1.85,5.3,0.71
197,0.74,1.51,3.17,1.27,4.12,0.34
198,1.05,0.84,4.57,1.95,5.17,0.43
199,0.69,0.79,5.04,1.35,4.25,0.23
200,0.39,0.77,5.04,2.0,4.5,0.27
201,0.84,3.67,2.69,1.3,3.56,2.66
202,1.2,4.57,3.17,0.74,3.51,3.15
203,1.36,4.08,3.13,1.21,1.15,2.1
204,1.36,5.28,3.01,1.09,3.52,2.42
205,1.71,4.83,1.64,1.36,4.64,1.97
206,1.82,3.49,3.22,1.07,4.63,1.88
207,1.98,6.35,3.1,0.98,3.64,2.72
208,2.29,5.0,3.65,1.25,4.0,3.63
209,1.67,4.08,2.61,1.34,4.68,3.21
210,2.18,5.98,3.24,1.06,3.51,1.36
211,2.82,5.44,2.63,0.8,4.62,2.84
212,2.24,5.4,2.38,0.83,4.12,2.98
213,3.09,5.25,2.66,0.99,4.69,2.84
214,1.54,5.5,2.19,0.88,3.07,2.43
215,3.65,6.72,2.63,1.07,2.8,2.95
216,3.91,3.56,2.97,1.14,2.88,3.37
217,3.98,2.68,2.41,0.76,2.75,2.04
218,4.18,5.5,2.38,0.84,4.15,2.77
219,3.95,3.17,2.87,0.72,3.89,1.99
220,2.2,4.74,4.03,1.11,1.84,2.48
221,4.68,4.21,1.9,0.85,3.5,1.96
222,1.68,4.41,3.89,0.72,4.35,1.48
223,4.31,3.12,1.84,1.0,3.59,1.84
224,4.18,4.64,4.61,0.84,4.37,1.49
225,4.48,2.94,3.07,1.32,4.06,2.17
226,2.9,4.15,3.07,0.67,5.03,1.44
227,4.64,3.57,3.34,1.03,6.01,2.16
228,4.56,3.85,2.44,0.95,4.26,1.47
229,4.64,3.5,4.99,0.78,3.68,1.81
230,4.57,2.95,3.84,0.75,3.69,1.68
231,3.62,2.63,4.33,0.89,5.59,1.29
232,3.9,3.1,3.81,0.8,4.59,1.63
233,4.36,2.84,5.76,1.3,5.55,1.56
234,2.45,1.92,3.65,1.04,6.36,1.28
235,3.24,2.37,4.91,1.1,3.18,1.11
236,2.32,2.32,3.3,1.33,4.42,1.09
237,2.27,2.1,6.02,1.4,6.26,0.96
238,2.64,1.39,4.29,1.42,4.78,1.32
239,2.87,1.92,3.94,0.93,5.92,1.35
240,2.08,1.62,4.38,1.52,4.61,0.94
241,1.82,1.75,5.83,1.55,3.62,0.89
242,1.86,1.34,5.53,1.52,5.41,1.26
243,1.65,1.14,5.79,1.43,4.34,0.77
244,1.79,1.21,5.15,1.66,5.42,0.47
245,1.35,1.15,5.74,0.75,4.16,0.85
246,1.18,0.95,5.31,1.82,4.85,0.76
247,1.13,0.45,6.46,1.41,4.8,0.54
248,0.53,0.94,4.61,1.89,5.3,0.23
249,0.69,0.69,4.29,1.59,4.48,0.37
250,0.67,0.79,3.55,1.82,5.29,0.17
251,1.09,4.81,2.83,0.85,4.02,2.7
252,0.93,3.99,3.47,0.76,6.76,2.77
253,1.36,4.39,1.25,1.21,2.12,2.53
254,0.92,5.5,4.23,0.92,5.24,2.83
255,1.15,4.41,3.28,1.32,4.22,2.65
256,1.75,6.23,2.57,1.38,3.53,3.71
257,2.13,4.88,2.5,0.71,6.54,3.15
258,1.73,6.7,3.21,1.07,4.16,4.14
259,2.61,6.03,2.5,0.84,4.07,4.87
260,1.71,4.32,3.83,0.78,4.65,2.19
261,2.76,5.99,2.57,1.06,4.45,2.69
262,2.92,5.94,2.45,1.26,5.63,3.71
263,2.41,5.15,3.2,1.02,5.03,2.16
264,3.02,3.81,2.28,0.97,2.93,2.32
265,4.09,3.58,2.93,1.49,3.77,3.11
266,4.42,4.66,2.39,1.25,4.81,2.79
267,3.15,5.34,1.79,1.15,4.08,2.12
268,3.52,7.4,2.17,1.34,4.5,1.95
269,4.03,4.39,2.8,0.77,3.98,2.45
270,2.97,5.89,3.41,1.18,3.33,1.56
271,5.38,4.31,2.22,0.8,3.54,2.61
272,4.49,3.61,3.04,0.97,5.84,2.68
273,4.36,4.43,3.03,1.36,4.24,0.94
274,3.93,2.98,3.51,0.81,3.66,2.36
275,4.16,3.22,3.75,1.0,4.77,1.87
276,5.71,4.8,2.19,1.32,4.63,2.06
277,4.4,2.6,4.26,1.0,5.67,1.5
278,4.3,3.52,4.25,1.05,4.35,1.5
279,4.37,2.87,3.93,1.01,5.64,1.13
280,3.08,3.06,3.66,0.88,4.29,1.9
281,5.8,2.77,2.46,0.95,6.26,1.24
282,4.11,3.18,4.48,1.04,3.07,1.59
283,3.55,1.81,3.03,1.16,6.22,1.32
284,3.27,2.91,2.7,0.74,6.43,1.02
285,3.75,2.34,3.71,1.21,4.87,1.65
286,3.23,2.29,3.61,1.27,4.79,1.06
287,2.6,1.61,4.38,1.17,4.78,1.02
288,2.92,1.41,4.57,0.88,5.34,1.1
289,1.92,2.0,5.67,1.07,4.53,0.98
290,2.65,1.52,4.18,1.06,5.26,0.86
291,1.99,1.47,6.09,1.37,3.93,0.79
292,2.66,1.23,5.47,1.0,6.15,0.69
293,1.59,1.57,4.99,1.12,4.48,0.61
294,0.76,1.54,5.02,1.02,5.42,0.66
295,1.72,1.41,6.27,1.52,4.06,0.5
296,1.14,0.87,5.08,1.58,4.67,0.43
297,1.47,0.87,5.98,1.46,2.78,0.49
298,0.96,1.16,5.63,1.74,4.26,0.61
299,0.67,0.51,4.49,1.45,4.07,0.47
300,0.59,0.66,5.22,1.71,5.42,0.34
301,0.92,3.7,3.88,0.6,4.22,3.0
302,0.99,3.61,2.89,1.23,4.53,1.95
303,1.47,2.84,3.86,0.99,6.65,3.46
304,1.77,4.01,2.91,0.97,5.59,3.04
305,1.5,5.59,3.82,0.81,3.89,2.92
306,1.74,3.57,3.19,0.91,5.79,3.11
307,2.98,4.83,2.78,1.5,7.6,2.64
308,1.55,6.1,2.66,1.1,5.12,3.97
309,0.92,5.89,3.01,0.99,6.35,3.02
310,2.51,5.08,1.88,0.9,4.99,3.19
311,2.79,2.96,3.01,1.05,2.79,4.09
312,3.13,4.81,2.99,0.72,5.19,3.48
313,2.59,6.74,1.95,0.88,4.97,2.62
314,2.69,6.31,1.96,1.4,4.89,3.01
315,3.57,5.58,3.06,0.87,4.05,3.92
316,4.24,5.45,3.71,0.91,2.74,2.37
317,4.37,6.5,2.12,0.82,2.72,2.13
318,3.77,4.07,1.95,1.18,3.79,2.69
319,4.4,5.4,2.52,0.87,4.1,2.71
320,3.75,4.63,3.58,0.66,3.62,1.87
321,5.1,4.68,2.96,1.18,3.75,2.33
322,3.73,4.05,2.83,0.91,4.65,2.23
323,3.7,4.68,2.72,1.03,5.16,2.0
324,4.23,4.01,4.07,0.69,5.78,2.08
325,4.32,3.69,4.53,0.86,4.53,2.38
326,5.47,2.91,5.16,0.83,5.54,2.27
327,5.99,3.93,3.96,0.88,4.71,1.8
328,4.6,3.24,3.31,1.23,4.19,1.23
329,5.75,3.22,3.37,0.93,3.42,2.02
330,4.13,3.4,2.73,1.34,4.73,1.88
331,2.82,1.51,4.96,1.2,5.88,1.7
332,4.46,2.41,3.34,0.69,6.35,1.02
333,2.72,2.49,3.3,0.99,3.7,1.55
334,2.72,2.71,3.47,1.24,5.0,1.48
335,3.64,2.44,3.54,1.32,4.87,1.34
336,3.94,2.46,5.9,1.28,5.89,1.45
337,3.68,1.53,3.2,1.39,3.86,1.23
338,2.73,2.09,4.47,1.47,3.31,1.28
339,2.92,2.38,4.39,1.28,3.85,1.13
340,2.17,1.22,5.19,1.39,6.59,0.91
341,2.01,2.01,5.52,1.01,4.41,1.07
342,1.55,1.75,3.21,0.89,5.95,1.09
343,1.47,1.48,4.59,1.46,3.82,0.86
344,1.43,1.56,3.94,1.42,2.26,0.54
345,1.19,1.48,4.6,1.27,4.68,0.74
346,1.23,1.15,5.97,1.74,3.07,0.48
347,1.15,0.94,4.52,1.3,3.91,0.5
348,1.02,0.72,4.02,1.66,5.68,0.64
349,0.83,1.0,5.91,1.43,4.58,0.25
350,0.63,0.42,4.81,1.42,4.59,0.36
351,1.07,4.19,3.25,1.17,4.8,2.6
352,1.36,3.57,2.97,1.2,4.92,2.89
353,0.89,5.04,4.42,1.17,5.79,3.63
354,1.5,3.51,2.97,1.1,6.31,3.04
355,1.33,5.39,2.66,1.35,6.23,2.79
356,1.69,4.18,2.72,1.3,8.1,3.48
357,1.85,5.39,2.51,1.14,4.03,4.23
358,2.01,4.52,2.55,0.87,6.49,3.58
359,1.92,4.5,3.12,1.32,5.03,3.89
360,2.83,5.11,3.64,1.17,6.51,2.23
361,2.88,4.79,3.12,1.24,3.79,2.93
362,2.93,4.93,3.08,1.3,2.63,2.57
363,3.35,3.39,3.47,1.43,3.89,1.48
364,3.75,3.93,2.86,1.45,4.06,2.63
365,4.14,4.91,2.81,0.81,4.77,2.95
366,4.66,4.98,2.46,1.04,4.56,2.09
367,5.01,4.81,2.93,0.91,4.68,3.11
368,2.27,4.3,2.03,1.57,3.36,1.83
369,4.57,4.46,2.77,0.88,3.58,2.63
370,4.5,4.35,2.03,1.37,2.72,2.14
371,3.6,3.23,2.77,1.07,4.01,1.87
372,5.85,3.79,3.55,0.9,2.67,1.85
373,4.44,3.81,3.03,1.16,4.54,2.0
374,5.35,4.36,3.26,0.9,6.5,2.11
375,5.0,3.63,3.65,1.09,3.98,2.09
376,4.83,2.5,3.9,0.88,3.05,1.94
377,4.0,3.04,3.34,1.01,5.07,1.38
378,6.96,2.9,3.26,0.99,4.55,1.83
379,3.46,2.22,3.68,0.69,3.6,1.84
380,3.44,3.18,4.25,1.18,4.09,1.93
381,5.44,2.21,3.17,1.13,6.04,0.83
382,4.35,2.75,5.29,1.24,6.97,1.06
383,3.89,2.67,4.51,1.09,4.25,1.57
384,3.36,2.45,4.0,0.52,6.01,1.25
385,3.79,2.24,3.67,1.19,6.69,1.11
386,3.22,2.41,4.38,1.26,5.33,1.05
387,3.24,3.01,5.11,1.31,7.98,1.03
388,2.79,1.82,5.15,1.9,4.83,0.88
389,3.56,1.83,5.63,1.24,5.39,1.04
390,2.66,1.56,5.91,0.61,3.9,0.92
391,2.36,1.78,3.51,1.26,4.73,0.73
392,2.23,1.67,4.61,1.08,3.22,0.82
393,2.01,0.61,5.23,1.31,5.11,0.71
394,2.04,1.41,6.72,1.45,5.11,0.65
395,1.45,1.42,5.3,2.01,5.52,0.99
396,2.05,1.49,5.18,1.8,3.91,0.62
397,1.19,0.86,5.72,1.25,4.58,0.57
398,1.11,0.9,4.81,1.06,6.12,0.47
399,1.21,0.87,4.26,1.54,4.66,0.4
400,0.57,0.65,3.36,1.63,3.67,0.29
401,1.07,3.43,3.2,0.68,4.32,3.09
402,1.19,3.33,3.07,0.89,6.72,3.24
403,1.66,4.27,3.74,1.09,3.95,3.71
404,1.31,5.66,3.42,1.05,4.3,2.29
405,2.0,4.24,3.21,1.25,5.43,2.76
406,2.39,4.91,2.96,0.82,7.43,3.17
407,2.25,4.42,2.8,1.11,5.58,3.23
408,2.02,4.4,3.17,0.69,7.09,3.23
409,2.13,4.69,2.33,0.72,6.61,3.0
410,2.91,5.34,2.42,1.09,5.34,2.61
411,2.7,3.54,3.33,0.67,3.01,2.05
412,3.37,4.03,2.41,1.25,4.99,2.31
413,3.28,3.32,2.95,1.18,3.94,2.45
414,3.56,4.78,2.7,1.06,3.33,3.69
415,3.58,5.3,3.59,1.19,3.95,2.51
416,3.44,4.85,3.23,0.8,4.36,2.44
417,4.01,3.95,2.46,1.11,5.32,1.83
418,3.27,3.26,2.67,1.03,4.26,2.66
419,5.68,3.74,2.18,1.1,3.84,1.9
420,4.95,4.15,3.27,0.98,4.6,2.49
421,4.42,4.5,3.26,1.02,3.26,2.61
422,5.46,3.88,2.39,1.04,4.51,2.77
423,4.05,4.22,3.27,1.36,5.03,1.86
424,5.65,4.25,3.68,1.04,4.61,2.5
425,3.9,3.94,1.75,1.0,5.25,2.05
426,4.95,2.87,4.46,1.28,3.49,1.65
427,7.29,3.73,4.13,1.03,4.85,1.56
428,3.73,3.53,3.42,1.34,5.28,2.09
429,4.02,3.83,2.22,0.73,4.2,1.22
430,3.72,2.34,4.31,1.25,4.01,2.11
431,1.89,3.18,3.1,1.18,5.38,1.71
432,4.0,3.09,4.79,0.81,6.37,1.35
433,4.29,2.53,3.34,1.15,5.72,1.49
434,4.27,2.65,3.62,0.81,7.17,1.8
435,3.83,2.58,4.74,1.22,4.08,0.76
436,3.64,2.32,5.36,0.67,7.79,1.17
437,3.22,1.61,3.85,1.05,7.11,1.34
438,3.54,1.87,3.29,0.9,5.46,0.81
439,3.1,2.65,4.38,1.16,5.47,1.19
440,2.51,1.49,4.25,1.36,5.41,0.8
441,2.5,1.8,5.91,1.39,5.01,1.35
442,1.89,1.17,3.26,1.39,5.13,0.92
443,2.12,1.03,4.12,1.41,4.94,0.98
444,1.71,1.25,2.81,1.32,4.63,0.92
445,1.55,1.49,5.67,1.19,4.99,0.6
446,1.49,1.44,3.48,0.72,6.85,0.58
447,0.95,1.07,6.19,1.36,5.14,0.63
448,1.17,0.93,4.55,1.33,4.76,0.34
449,0.74,1.06,3.66,0.97,4.23,0.29
450,0.82,0.75,3.97,0.87,4.1,0.3
451,1.42,3.12,3.45,1.21,6.21,3.07
452,1.59,3.76,2.4,0.87,4.98,2.64
453,1.87,5.4,3.67,1.16,3.74,2.69
454,1.25,3.62,3.69,1.28,6.84,2.95
455,1.61,3.98,3.59,1.06,7.95,2.95
456,1.31,5.06,2.69,0.74,6.16,3.09
457,1.91,5.35,4.47,1.39,4.13,3.66
458,2.81,3.81,3.66,1.18,7.74,2.27
459,3.88,5.02,3.58,1.03,7.4,2.18
460,2.2,5.49,4.23,1.38,4.6,2.9
461,3.11,5.18,3.13,1.4,3.81,2.56
462,2.11,3.78,3.96,1.48,5.82,3.1
463,3.72,2.6,2.46,1.3,4.13,3.29
464,2.81,3.32,2.8,1.05,4.25,2.86
465,4.1,4.37,2.31,1.66,3.82,2.63
466,4.8,5.42,2.94,1.47,4.97,2.97
467,4.96,4.15,2.41,1.34,2.95,2.94
468,5.24,3.91,2.34,1.31,2.52,3.36
469,5.16,4.29,2.9,1.31,3.56,3.2
470,7.17,2.95,4.07,1.22,4.21,1.39
471,4.94,3.87,2.73,1.31,4.27,1.09
472,5.02,3.47,3.0,0.91,3.64,1.29
473,5.42,3.47,2.53,1.59,3.81,1.79
474,3.27,2.92,2.41,1.03,3.85,1.84
475,5.84,3.5,3.98,1.39,4.84,1.61
476,6.02,4.18,1.69,0.9,6.46,1.17
477,5.57,2.67,3.61,1.4,3.65,1.96
478,6.19,4.48,3.23,1.17,4.8,1.95
479,4.36,3.47,3.77,1.44,4.62,1.23
480,4.91,3.71,3.04,1.29,5.87,0.91
481,4.16,2.59,4.19,1.45,4.06,1.57
482,3.76,1.67,4.6,0.8,4.77,1.04
483,3.54,1.87,4.14,1.19,5.69,1.15
484,4.88,2.2,3.78,1.52,7.35,1.26
485,3.65,2.27,3.66,1.01,6.96,1.02
486,3.77,2.85,4.22,0.99,5.33,1.28
487,3.77,2.26,3.84,1.36,6.53,0.7
488,3.17,2.29,4.62,0.94,5.51,1.18
489,2.72,1.58,4.31,1.33,5.54,1.21
490,2.94,1.47,4.62,1.1,5.04,1.07
491,2.0,2.06,3.73,1.41,4.18,0.81
492,2.08,1.97,3.38,1.36,6.43,0.58
493,2.13,1.2,5.75,1.06,4.24,0.85
494,1.42,1.78,4.39,1.54,3.83,0.48
495,1.68,1.38,4.69,1.39,4.07,0.75
496,1.35,0.77,3.36,1.14,4.21,0.48
497,0.79,0.82,4.71,1.25,4.04,0.35
498,1.04,0.58,3.67,1.34,6.06,0.46
499,0.9,0.96,4.16,0.78,5.9,0.38
500,0.43,0.67,4.15,1.99,5.74,0.28
501,1.11,2.9,2.94,0.85,3.49,1.9
502,1.11,4.99,3.82,1.28,3.99,2.55
503,1.53,3.16,3.53,0.71,4.61,3.16
504,2.28,3.06,3.94,1.48,7.0,2.5
505,1.88,4.92,4.38,1.32,6.97,2.48
506,1.97,3.65,3.72,0.92,5.79,2.64
507,2.06,2.84,2.47,0.98,6.79,2.78
508,2.69,3.69,3.77,1.3,4.05,3.32
509,2.6,4.26,3.07,1.34,6.3,2.37
510,2.35,4.54,3.72,1.58,6.13,2.77
511,2.71,4.98,3.54,0.92,4.02,2.86
512,3.2,4.69,2.17,1.35,2.42,2.49
513,3.7,3.78,3.55,1.33,4.67,2.72
514,4.01,3.89,2.23,1.14,4.31,2.02
515,3.35,3.28,2.19,1.16,4.36,2.48
516,4.7,3.46,3.08,1.04,4.01,2.04
517,5.07,5.08,3.61,1.22,3.26,2.18
518,4.38,2.83,3.37,1.27,4.93,2.55
519,6.2,2.62,2.61,1.28,3.37,2.4
520,3.71,3.66,2.48,1.24,3.14,2.28
521,6.72,3.37,3.75,1.61,5.21,2.08
522,6.14,3.35,2.49,1.14,3.01,2.01
523,7.95,3.95,2.34,1.62,3.34,1.38
524,4.63,4.04,2.68,0.86,5.02,2.26
525,5.46,3.39,3.36,1.3,3.93,1.75
526,6.09,3.08,3.62,1.0,3.26,1.97
527,6.23,3.42,3.6,1.05,4.05,2.13
528,5.22,3.87,2.63,0.99,4.6,1.44
529,4.14,2.49,4.42,0.86,4.87,1.3
530,5.29,2.21,5.45,1.35,5.79,1.54
531,6.06,2.47,2.98,1.1,7.09,1.75
532,3.38,2.05,2.94,0.85,5.22,1.56
533,5.31,2.8,4.0,1.46,4.75,1.63
534,3.95,1.84,3.22,1.25,5.24,1.01
535,3.46,1.63,4.23,1.29,5.42,1.45
536,2.95,1.82,4.93,1.15,3.61,0.67
537,4.73,2.12,3.71,1.22,3.95,1.21
538,3.6,2.23,3.63,1.14,7.0,0.77
539,3.31,1.3,5.77,0.94,3.76,0.73
540,3.19,2.32,6.04,1.59,3.95,1.21
541,1.71,2.07,3.93,1.02,3.37,0.87
542,2.43,1.18,5.6,1.13,4.43,0.99
543,2.19,1.62,3.64,1.11,5.08,0.74
544,1.2,1.13,4.09,1.24,4.96,0.83
545,1.6,1.33,4.64,1.33,5.37,0.64
546,1.09,1.02,5.1,1.47,7.16,0.57
547,1.07,0.94,5.05,1.63,5.87,0.47
548,1.26,0.72,4.34,1.87,5.79,0.32
549,1.12,0.68,5.39,1.38,5.51,0.5
550,0.99,0.77,2.97,1.41,4.03,0.33
551,1.32,2.92,4.02,0.91,5.51,1.98
552,1.44,3.44,4.43,1.21,7.29,1.89
553,0.9,4.63,4.87,0.82,6.0,2.19
554,1.62,3.16,3.18,1.63,6.36,2.77
555,1.52,3.07,3.61,0.94,6.71,3.06
556,2.03,4.18,3.06,1.34,5.11,3.75
557,2.1,3.79,3.52,1.33,4.93,3.45
558,1.48,4.15,3.66,0.91,4.74,2.63
559,2.6,3.34,2.87,1.21,5.61,2.98
560,4.41,5.94,2.53,1.2,4.35,2.74
561,4.33,4.01,4.01,1.06,5.75,3.41
562,4.99,3.52,2.34,1.38,4.42,3.78
563,3.49,4.58,3.06,1.51,3.01,2.65
564,4.37,4.18,3.43,1.39,4.31,1.69
565,3.37,3.37,3.3,1.19,6.43,1.96
566,4.12,4.89,3.53,1.22,3.41,2.05
567,4.71,5.31,3.52,1.56,2.39,2.28
568,2.96,4.13,2.99,1.19,4.73,2.44
569,4.59,4.12,2.62,1.31,4.15,2.38
570,6.07,4.72,3.16,1.43,6.08,2.16
571,6.27,4.0,2.42,1.35,1.33,2.21
572,5.33,3.19,2.7,0.52,4.89,2.03
573,4.45,3.4,2.9,1.36,5.8,1.73
574,3.87,2.46,3.41,0.88,5.57,2.47
575,5.78,2.0,3.78,1.13,4.58,2.18
576,5.78,3.33,3.14,1.31,2.17,1.65
577,6.91,2.21,3.19,1.32,4.3,1.93
578,6.12,2.9,2.5,1.14,5.7,1.83
579,4.55,2.75,3.21,1.28,4.18,1.42
580,6.82,2.9,3.6,1.08,7.34,1.92
581,4.21,3.55,3.98,1.2,7.48,1.88
582,5.57,2.94,3.43,1.1,6.03,1.82
583,3.14,1.88,3.33,1.46,5.63,1.62
584,4.31,2.5,4.41,1.08,4.17,1.19
585,4.08,2.24,4.19,1.7,5.05,1.26
586,3.57,2.67,3.7,1.1,5.47,1.45
587,3.31,1.9,2.24,1.02,4.26,1.25
588,2.38,1.93,6.17,1.24,6.32,0.93
589,3.67,1.72,4.43,1.02,5.34,1.26
590,2.91,1.17,3.9,1.25,4.51,0.78
591,2.37,2.27,3.83,1.41,4.21,0.57
592,2.79,1.54,4.43,1.66,3.72,1.15
593,1.66,1.52,4.16,1.5,6.0,0.52
594,1.79,1.44,5.23,1.23,4.39,0.77
595,1.41,1.2,4.29,1.19,3.63,0.8
596,1.76,0.84,6.62,1.06,5.11,0.56
597,1.34,1.3,5.1,1.01,4.63,0.58
598,1.17,0.64,3.11,1.21,4.34,0.34
599,0.8,1.01,4.39,1.45,4.8,0.4
600,0.74,0.31,4.4,1.2,5.71,0.25
601,1.07,4.86,4.16,1.33,5.37,3.0
602,1.52,3.58,4.64,1.42,3.86,1.79
603,1.87,3.07,3.48,1.33,5.09,2.93
604,1.35,3.87,3.06,0.84,5.18,2.04
605,2.04,4.6,2.8,1.47,5.13,2.2
606,1.61,3.94,5.0,1.43,4.26,3.04
607,2.32,3.82,4.21,1.19,4.75,2.41
608,3.2,4.74,3.83,0.96,3.97,2.34
609,1.84,3.64,2.55,1.38,6.41,3.04
610,3.68,3.0,3.21,0.75,5.49,3.22
611,2.39,3.1,2.98,1.36,5.32,2.82
612,4.71,3.32,4.37,1.04,3.98,2.89
613,3.95,4.42,3.65,0.97,3.97,3.03
614,3.56,4.71,4.52,1.56,4.93,2.35
615,4.39,4.35,4.09,1.39,3.91,2.53
616,2.46,5.65,2.39,1.52,4.16,2.89
617,5.69,5.59,2.31,0.97,4.47,2.26
618,5.73,3.22,2.02,1.22,3.24,2.61
619,5.2,3.97,2.92,1.01,4.8,3.01
620,5.67,3.06,3.31,1.62,4.6,1.87
621,4.66,4.18,2.95,1.45,5.43,1.83
622,7.06,3.47,3.46,1.31,4.72,1.9
623,8.72,3.72,3.05,1.1,4.35,2.57
624,5.73,4.09,2.88,1.66,5.11,1.82
625,7.16,2.73,3.37,0.86,4.05,2.32
626,6.88,3.25,3.96,0.94,3.56,1.81
627,6.35,3.77,3.44,1.57,4.38,1.78
628,6.67,2.94,2.46,0.5,3.89,1.87
629,4.96,3.7,3.93,1.09,4.27,1.57
630,7.0,3.15,3.43,1.23,5.81,1.41
631,2.5,3.51,3.27,0.75,7.2,1.46
632,6.16,3.06,3.57,1.12,6.89,1.41
633,5.61,2.14,4.36,0.97,4.78,1.29
634,4.99,1.29,3.53,0.87,5.03,0.82
635,4.23,2.55,4.35,1.24,3.25,1.14
636,3.04,1.64,4.57,1.22,4.81,0.9
637,3.48,1.96,3.78,1.01,6.53,1.13
638,2.54,1.49,4.36,0.91,4.61,0.96
639,3.59,1.76,3.56,0.99,4.74,0.75
640,2.95,1.61,4.29,1.21,5.08,1.14
641,3.31,1.19,3.85,1.17,2.85,0.82
642,2.35,1.17,4.69,1.12,6.42,0.69
643,2.87,0.81,4.88,1.05,6.15,0.64
644,1.41,0.96,3.77,1.51,3.73,0.56
645,1.53,1.41,4.29,1.23,6.14,0.66
646,1.59,0.82,4.27,0.99,4.85,0.67
647,1.55,0.78,5.08,1.21,4.2,0.4
648,1.2,0.79,5.69,1.08,5.12,0.37
649,1.15,0.61,3.61,1.36,6.25,0.27
650,0.73,0.63,2.94,1.12,6.3,0.25
651,1.43,3.39,2.96,0.98,6.14,2.77
652,1.56,4.96,2.24,1.24,4.71,2.69
653,1.37,3.83,4.25,1.24,6.7,2.95
654,1.37,3.73,5.24,1.33,3.35,1.91
655,1.51,4.61,2.81,1.09,4.9,1.85
656,1.96,4.51,3.96,1.18,2.65,2.4
657,2.99,2.99,3.91,1.55,7.18,3.02
658,3.27,4.21,3.59,1.19,6.79,2.89
659,3.12,4.49,3.22,1.19,4.2,2.49
660,4.48,4.1,3.32,1.26,6.26,2.26
661,3.31,3.52,4.1,1.63,5.44,3.1
662,3.35,3.37,3.49,1.66,5.84,2.72
663,2.5,2.27,2.51,1.19,4.54,2.67
664,4.37,3.08,3.46,1.2,6.0,2.57
665,5.59,4.2,2.99,1.26,4.67,3.31
666,4.31,2.46,3.74,1.44,3.8,2.27
667,3.69,5.18,2.16,1.23,4.4,2.62
668,5.92,3.15,2.57,1.53,4.04,2.2
669,4.81,4.0,4.02,1.57,2.7,1.71
670,3.75,2.96,3.68,0.93,3.2,2.85
671,5.69,2.98,3.53,1.58,4.21,2.31
672,7.92,3.87,4.07,0.85,3.5,2.15
673,6.84,3.42,2.6,0.97,5.94,2.04
674,8.09,3.31,2.86,1.13,4.29,1.69
675,4.37,1.99,1.72,1.56,5.43,1.27
676,5.7,2.65,3.2,1.38,5.21,1.62
677,7.63,2.58,4.31,1.18,4.72,1.64
678,5.34,3.31,2.95,1.12,3.83,1.59
679,7.72,2.57,3.54,1.12,7.55,1.97
680,5.58,2.98,2.37,1.1,6.58,1.7
681,2.74,2.95,5.42,1.37,4.1,1.32
682,4.25,0.78,2.97,1.57,5.71,1.39
683,2.79,0.95,2.98,0.68,5.11,1.65
684,3.99,2.44,3.71,0.97,4.54,1.74
685,3.21,2.7,3.2,1.0,6.01,1.12
686,3.45,1.87,4.36,1.39,4.2,1.08
687,3.52,1.63,4.3,1.02,4.89,0.95
688,4.19,1.77,3.73,1.28,6.0,0.97
689,3.43,1.67,3.84,1.01,4.39,0.92
690,2.68,2.35,3.95,1.18,5.15,1.28
691,3.46,1.41,4.74,0.85,4.63,0.7
692,3.62,1.19,4.2,1.36,4.49,0.9
693,1.76,1.07,3.09,1.19,4.15,0.61
694,1.75,1.48,3.83,0.96,5.36,0.73
695,2.18,0.99,2.93,1.03,5.81,0.69
696,1.88,0.88,3.73,1.38,3.34,0.39
697,1.48,0.97,4.55,1.3,5.96,0.51
698,1.3,0.85,4.51,1.44,4.49,0.31
699,1.17,0.71,4.31,1.29,5.72,0.33
700,0.87,0.62,4.11,1.07,5.52,0.32
701,0.85,2.11,4.44,1.47,5.01,2.88
702,0.92,4.27,4.08,0.7,3.55,2.68
703,1.47,3.29,3.2,0.97,6.94,1.44
704,2.03,2.37,3.99,1.31,6.14,2.26
705,2.49,3.44,3.92,1.23,5.01,2.65
706,2.46,2.82,3.64,0.86,5.52,1.94
707,2.06,4.19,4.7,1.3,5.12,3.27
708,3.0,2.96,5.16,1.51,6.53,2.81
709,3.39,2.09,4.02,1.38,4.67,2.0
710,2.22,4.15,3.94,1.56,5.87,2.89
711,3.95,3.55,4.32,1.5,4.58,2.58
712,3.23,3.78,3.96,1.24,5.34,2.21
713,3.35,3.96,2.04,1.4,5.04,1.45
714,4.56,2.89,3.52,1.47,4.43,2.31
715,4.05,3.89,3.08,1.69,3.54,1.85
716,4.38,2.73,3.1,1.7,3.91,2.03
717,4.4,3.26,3.55,0.83,3.78,2.99
718,5.82,2.48,3.52,1.99,3.78,2.06
719,6.07,3.07,2.18,1.68,1.46,1.83
720,6.13,2.53,3.53,1.64,4.1,2.35
721,6.61,2.61,3.15,0.92,5.66,2.18
722,6.19,3.08,2.9,1.8,3.64,2.15
723,5.81,1.82,2.22,1.39,4.69,1.5
724,7.61,3.17,2.36,1.27,5.49,0.9
725,9.97,2.87,3.72,1.37,5.45,1.95
726,6.94,2.77,3.82,0.89,3.73,1.82
727,5.51,1.99,3.32,1.05,5.14,1.47
728,5.63,3.84,3.51,1.46,3.42,1.18
729,4.86,1.46,2.93,1.43,4.76,1.59
730,6.31,2.95,4.17,1.21,5.91,1.45
731,5.45,3.77,4.98,1.35,3.2,1.58
732,5.15,2.59,3.1,0.98,2.38,1.52
733,4.35,2.15,4.98,1.35,5.72,1.5
734,3.74,2.4,4.17,1.08,3.54,1.32
735,3.06,1.95,3.2,1.19,5.2,1.28
736,4.4,2.22,4.36,0.84,6.09,1.18
737,3.92,1.92,3.47,1.5,5.36,1.21
738,2.54,1.97,4.06,1.03,6.95,0.99
739,3.37,1.76,3.64,1.12,4.6,1.12
740,2.93,1.7,4.63,0.78,4.13,0.56
741,2.4,1.88,3.6,1.1,3.21,0.8
742,2.43,0.94,3.93,0.74,5.71,0.47
743,0.97,1.23,5.14,1.09,3.86,0.84
744,1.91,1.11,3.43,1.51,3.79,0.69
745,1.91,1.12,3.39,1.55,6.27,0.62
746,0.92,0.98,4.42,1.63,7.66,0.53
747,1.31,0.68,3.64,1.06,6.31,0.49
748,1.35,0.59,2.93,1.35,3.2,0.43
749,0.85,0.72,5.25,1.31,6.76,0.4
750,0.79,0.42,3.27,1.25,7.89,0.23
751,1.16,4.42,4.75,1.07,6.25,2.79
752,1.39,2.11,2.99,1.02,1.52,2.35
753,1.98,4.78,3.37,1.07,5.92,2.34
754,1.96,4.36,3.73,0.92,5.49,2.27
755,2.32,4.25,3.45,1.54,4.99,2.53
756,1.83,3.99,3.69,1.03,4.98,3.6
757,3.07,2.98,3.69,1.27,5.29,2.19
758,2.58,2.94,2.76,0.84,3.66,2.11
759,2.55,4.23,4.42,1.71,5.9,2.72
760,2.69,4.43,4.11,1.53,4.76,2.87
761,3.2,2.55,4.6,1.79,4.61,2.52
762,3.46,2.87,2.49,1.34,5.14,2.48
763,4.95,1.34,4.37,1.48,3.93,2.33
764,5.77,3.55,3.43,1.4,4.3,1.61
765,4.42,3.71,3.32,1.83,3.34,2.29
766,3.96,3.35,2.31,1.26,2.99,2.51
767,3.55,3.47,4.27,1.94,4.46,2.17
768,4.33,3.69,3.14,1.37,3.43,1.73
769,3.63,4.47,3.98,1.35,5.07,2.46
770,5.84,3.54,2.57,1.25,5.21,1.19
771,5.28,3.1,2.23,1.63,4.99,2.25
772,6.71,3.08,2.82,1.48,3.3,1.47
773,7.72,3.59,3.48,1.4,3.19,1.8
774,8.21,2.99,3.68,1.36,3.47,2.01
775,6.66,2.86,2.01,0.95,5.07,1.85
776,5.9,2.54,2.94,1.36,6.05,1.58
777,6.46,2.56,3.69,0.73,6.05,1.76
778,4.37,2.54,1.93,1.21,5.58,1.69
779,5.39,3.88,2.69,0.78,4.16,1.61
780,5.0,1.55,3.04,1.11,5.5,1.87
781,6.12,1.86,3.19,1.09,4.91,1.18
782,5.31,2.49,4.38,1.17,6.42,1.01
783,1.64,2.39,4.47,1.39,5.21,1.09
784,5.24,1.57,3.55,0.97,4.09,1.43
785,3.54,2.31,3.27,1.26,5.08,0.9
786,3.56,1.97,4.76,1.04,5.23,1.45
787,3.38,1.7,3.43,1.3,3.67,1.36
788,3.05,1.79,4.03,1.18,3.94,0.85
789,3.07,1.84,4.65,1.49,3.42,0.74
790,3.47,1.83,3.43,0.92,6.05,0.68
791,2.62,0.84,3.94,1.24,5.01,0.51
792,2.78,1.32,3.66,1.32,6.17,0.84
793,2.1,0.9,4.3,1.23,4.19,0.66
794,1.43,1.46,3.53,0.76,5.52,0.76
795,2.21,0.81,3.22,1.05,6.67,0.81
796,1.8,0.67,4.82,1.37,5.9,0.48
797,0.77,0.63,3.78,1.1,4.45,0.47
798,0.79,0.61,2.94,1.41,5.22,0.35
799,1.32,0.77,3.94,0.83,5.8,0.21
800,0.78,0.55,5.25,1.33,5.42,0.27
801,1.14,3.22,4.28,1.15,4.25,2.8
802,1.32,3.33,3.15,1.25,4.64,2.37
803,1.32,2.65,4.37,1.76,4.69,1.66
804,1.87,2.88,3.97,1.41,5.29,2.52
805,1.75,3.19,5.04,1.65,3.75,2.22
806,2.04,4.13,2.83,1.52,4.47,3.29
807,2.03,3.13,2.82,1.36,5.63,2.19
808,2.47,3.28,3.53,1.05,5.03,2.47
809,3.5,2.56,3.02,1.19,3.94,2.64
810,3.48,4.99,4.5,1.08,4.95,1.82
811,2.39,3.75,4.17,1.76,6.61,2.81
812,3.76,4.39,3.99,1.14,3.74,2.12
813,2.9,3.87,2.02,1.35,4.36,2.91
814,4.25,2.8,3.41,1.96,3.76,2.43
815,3.91,3.65,2.98,1.58,3.07,2.01
816,3.46,4.36,4.12,1.21,3.57,1.74
817,5.19,2.95,4.0,1.34,2.81,1.19
818,5.4,3.71,2.91,1.37,3.68,2.13
819,7.0,3.33,3.01,1.42,3.21,1.6
820,4.36,2.8,3.34,0.85,3.02,1.83
821,5.08,2.04,2.87,1.45,3.85,1.78
822,6.4,2.48,3.33,1.16,3.53,2.23
823,6.9,2.99,2.57,0.87,4.81,1.96
824,8.91,2.54,2.72,1.0,4.69,1.57
825,6.04,3.46,3.84,1.49,5.13,1.57
826,7.5,2.96,3.19,0.87,4.33,2.35
827,4.15,3.29,3.7,1.5,3.4,1.32
828,6.67,1.3,4.42,1.09,5.06,1.8
829,4.84,2.37,3.45,1.55,4.88,1.57
830,4.72,2.03,3.58,1.64,6.25,1.26
831,5.09,1.37,3.52,1.07,3.25,1.27
832,4.6,1.54,2.68,1.73,4.08,1.22
833,5.24,1.54,2.23,1.18,6.28,0.98
834,4.34,1.78,4.25,1.51,5.44,1.2
835,4.77,1.85,3.59,1.05,4.81,0.63
836,4.12,2.12,3.46,1.7,4.74,1.13
837,3.87,1.28,2.97,1.61,6.02,0.68
838,1.93,1.52,3.01,1.12,4.94,0.77
839,2.57,1.53,3.68,1.35,4.64,0.85
840,3.78,1.89,3.29,1.52,3.04,0.69
841,1.88,0.53,3.97,1.49,5.64,0.67
842,2.07,0.79,3.18,0.97,4.99,0.79
843,1.81,1.0,3.97,1.2,5.18,0.48
844,2.1,0.87,3.52,0.83,3.52,0.63
845,1.54,0.88,3.82,0.91,4.4,0.57
846,1.33,0.92,3.5,1.53,5.7,0.42
847,2.03,1.02,4.06,1.16,6.72,0.36
848,0.92,0.92,3.83,0.81,4.5,0.26
849,1.39,0.39,4.42,1.18,7.16,0.31
850,1.23,0.49,3.81,1.62,5.64,0.27
851,1.23,3.17,3.41,1.06,3.41,2.37
852,1.37,2.88,5.0,1.26,4.33,2.55
853,1.51,3.44,4.05,0.89,4.89,2.16
854,1.91,3.25,4.75,0.94,3.97,3.35
855,1.82,2.31,3.51,1.15,6.17,2.47
856,1.95,3.04,5.03,1.4,4.58,2.03
857,1.67,4.29,4.03,1.27,6.06,2.14
858,3.56,4.77,3.99,1.44,4.35,2.88
859,2.36,2.64,3.25,1.14,4.61,2.33
860,3.81,3.36,4.73,1.43,3.62,3.09
861,2.04,2.88,2.91,1.8,3.84,3.38
862,4.32,5.54,3.04,1.6,3.61,2.73
863,2.9,3.78,3.61,1.66,5.1,2.31
864,4.74,2.86,3.26,1.44,2.84,2.12
865,2.42,4.83,3.22,1.11,5.14,2.26
866,4.59,4.26,2.99,1.84,3.1,2.29
867,6.43,3.61,3.13,0.87,3.58,2.76
868,5.36,3.02,2.73,1.52,3.71,2.64
869,6.65,3.53,4.85,1.33,4.59,1.93
870,5.23,4.07,3.55,1.38,3.42,1.83
871,6.43,3.2,2.79,1.04,5.44,1.96
872,5.67,3.16,2.34,1.55,4.83,1.77
873,4.75,3.68,2.4,1.49,5.32,1.29
874,5.23,3.12,2.2,1.52,3.56,1.48
875,7.36,2.98,2.53,1.06,6.62,1.72
876,5.82,2.56,3.96,1.48,4.63,0.98
877,6.48,3.55,4.39,0.71,4.16,1.77
878,5.26,2.43,2.53,1.14,4.79,1.74
879,3.33,1.72,2.71,1.13,6.11,1.42
880,5.82,2.76,2.43,1.4,6.06,1.4
881,4.19,3.16,2.79,0.94,3.62,1.3
882,6.86,1.4,2.15,1.16,3.11,1.47
883,5.4,2.09,3.59,1.49,5.11,1.57
884,5.46,1.47,3.16,1.49,5.86,0.68
885,4.62,1.64,2.45,1.34,3.17,1.28
886,3.64,1.96,3.55,1.29,3.26,1.04
887,3.67,1.02,3.5,0.88,4.66,0.82
888,3.68,1.25,3.62,1.48,3.98,1.23
889,3.16,1.43,4.09,1.27,1.65,0.87
890,2.13,0.78,4.61,1.03,5.69,1.06
891,2.84,1.78,4.64,1.0,4.21,0.71
892,2.62,1.6,3.57,1.23,4.42,0.39
893,1.46,1.2,3.82,1.35,6.81,0.82
894,2.22,0.98,4.16,1.24,6.35,0.47
895,1.41,1.01,3.77,1.1,5.66,0.53
896,1.25,0.9,3.11,0.87,5.44,0.46
897,1.53,0.71,3.93,0.98,5.05,0.5
898,1.59,0.35,4.77,0.99,4.72,0.41
899,0.94,0.37,3.47,1.17,5.09,0.31
900,0.95,0.52,3.25,1.14,4.63,0.31
901,1.0,3.04,4.58,1.62,2.43,1.94
902,1.32,2.52,3.31,0.76,3.91,2.16
903,2.01,2.51,3.66,1.21,5.3,2.31
904,2.21,2.3,5.14,1.18,4.98,2.28
905,1.94,3.28,3.15,1.69,4.86,2.43
906,2.34,3.54,4.45,1.52,5.38,2.43
907,3.0,3.75,3.6,1.27,5.58,1.83
908,2.48,3.58,3.69,1.94,3.54,1.81
909,1.71,3.17,4.78,1.38,3.0,1.97
910,2.93,2.71,4.0,1.35,2.96,2.09
911,1.51,3.63,4.3,1.67,4.56,2.86
912,3.48,4.19,2.61,1.41,4.37,2.62
913,3.73,2.62,3.84,1.56,4.57,2.98
914,2.87,3.24,3.64,0.94,5.54,2.04
915,4.41,2.81,3.7,1.67,4.64,1.86
916,5.43,2.97,3.61,1.38,4.79,2.0
917,4.24,3.68,3.92,1.55,4.1,2.53
918,3.84,2.53,3.27,1.48,3.91,1.51
919,5.63,2.41,3.4,1.5,4.43,2.28
920,5.07,2.99,3.69,1.55,4.28,2.6
921,5.13,3.07,4.62,0.86,2.24,1.58
922,6.4,2.25,3.45,0.99,2.79,1.44
923,5.57,2.59,4.03,1.87,3.97,2.15
924,5.3,3.08,2.89,1.32,4.81,2.01
925,4.71,2.41,2.86,1.62,5.32,1.92
926,3.01,1.47,2.83,1.02,3.85,1.07
927,5.37,2.5,2.78,1.59,5.82,1.01
928,4.19,1.78,2.49,1.57,5.01,1.45
929,6.26,2.4,2.79,1.62,2.79,1.68
930,4.71,1.77,2.94,0.88,3.97,1.35
931,6.09,2.9,2.97,1.35,4.8,0.98
932,4.57,1.62,2.7,1.34,5.76,1.29
933,4.69,2.4,4.62,1.39,5.94,1.12
934,3.66,2.19,3.75,1.15,3.71,1.3
935,3.43,1.25,3.85,1.73,6.62,1.26
936,3.45,1.0,3.16,0.98,3.76,1.04
937,3.55,2.81,3.54,1.16,4.61,0.69
938,5.33,1.35,3.47,1.17,5.13,1.25
939,3.36,0.85,3.85,0.98,3.84,0.94
940,2.82,1.41,3.64,1.46,3.92,0.68
941,2.67,1.65,4.23,1.29,4.92,0.79
942,2.01,1.19,3.04,1.5,5.39,0.63
943,2.15,1.32,3.52,0.54,3.26,0.32
944,1.01,0.86,3.04,1.36,5.3,0.62
945,1.86,0.99,3.6,1.28,5.55,0.62
946,1.41,0.88,4.45,1.1,4.97,0.44
947,1.12,0.72,4.02,1.04,5.79,0.45
948,1.24,0.6,3.69,1.09,4.87,0.36
949,0.67,0.6,3.7,1.49,5.29,0.33
950,0.76,0.63,3.28,0.82,4.88,0.21
951,1.12,1.5,3.22,1.0,5.32,2.5
952,1.8,2.64,3.44,1.38,4.38,2.28
953,1.75,2.01,4.15,1.3,3.85,2.92
954,1.87,3.09,3.5,1.26,3.72,1.55
955,1.77,3.09,5.12,0.82,3.6,2.89
956,1.14,2.53,2.64,1.71,4.65,1.88
957,1.87,2.65,2.52,1.17,5.7,1.98
958,2.12,3.32,4.81,1.35,2.91,2.21
959,2.54,2.28,5.12,1.39,3.71,3.05
960,2.45,2.57,3.25,1.75,4.51,2.23
961,2.85,1.95,3.74,1.13,5.54,2.33
962,4.23,3.59,3.91,1.79,4.03,2.0
963,2.38,3.06,3.78,1.91,3.72,2.44
964,3.53,3.57,2.97,1.31,4.35,2.72
965,3.89,3.05,3.07,2.0,5.47,2.75
966,4.37,2.94,3.35,1.9,4.02,2.69
967,3.55,2.75,4.57,1.86,4.1,1.67
968,5.29,2.65,3.47,1.05,3.74,1.76
969,5.31,3.27,3.27,1.87,4.27,1.84
970,6.23,4.26,3.21,1.67,3.58,2.0
971,5.36,2.48,2.9,1.31,4.7,1.6
972,5.96,4.12,3.15,1.27,4.2,1.6
973,6.31,3.05,2.68,1.16,4.01,1.05
974,5.17,2.19,3.7,0.96,4.09,1.0
975,5.96,2.91,1.99,1.22,5.07,1.62
976,6.04,2.38,2.24,1.35,3.26,1.56
977,4.8,2.11,2.76,1.58,3.3,1.66
978,5.8,2.11,3.93,1.47,4.13,1.39
979,3.74,1.65,3.2,1.38,4.87,1.78
980,4.76,2.44,3.34,1.72,5.15,1.11
981,3.77,1.71,4.67,1.17,3.87,1.02
982,4.21,2.57,3.55,1.25,4.47,1.33
983,3.27,2.28,4.88,1.36,4.93,0.5
984,4.43,2.01,3.22,1.24,3.93,1.34
985,3.26,1.47,3.04,1.28,3.79,1.21
986,2.95,1.78,4.15,1.17,4.61,0.81
987,3.66,1.41,3.34,0.99,4.69,0.92
988,1.93,1.16,3.14,0.9,4.57,0.73
989,1.81,1.1,1.9,1.24,3.45,0.82
990,2.54,1.09,4.51,1.3,2.92,0.48
991,2.02,1.21,4.02,1.42,4.6,0.6
992,1.72,1.2,4.71,1.18,3.63,0.79
993,1.45,1.0,2.73,1.46,4.47,0.59
994,2.22,1.22,3.21,1.14,4.05,0.46
995,2.14,0.86,3.47,1.1,7.53,0.64
996,1.79,0.68,2.22,1.03,6.64,0.34
997,1.37,0.68,3.75,0.88,5.55,0.24
998,0.92,0.54,4.37,1.03,5.45,0.35
999,0.89,0.63,4.25,1.31,3.95,0.21
1000,0.88,0.3,2.8,1.21,3.93,0.35
1001,1.08,2.49,3.87,0.74,5.1,2.3
1002,1.64,3.62,5.36,1.02,2.95,0.37
1003,1.68,2.8,5.34,1.21,3.38,1.95
1004,2.15,2.06,4.36,1.34,4.43,1.88
1005,1.89,3.51,4.29,1.31,5.22,2.75
1006,2.67,2.68,4.52,1.58,3.71,1.76
1007,1.98,2.57,5.3,1.51,3.6,2.47
1008,1.71,3.21,4.83,0.77,4.43,1.81
1009,2.09,2.88,4.7,1.59,5.34,2.51
1010,4.19,2.3,4.74,1.79,4.72,2.34
1011,3.19,2.88,4.38,1.38,3.49,1.38
1012,2.04,3.51,4.06,1.71,4.69,2.28
1013,3.56,2.56,3.09,1.55,4.79,2.18
1014,2.81,3.0,3.85,1.65,4.11,2.69
1015,3.19,3.4,2.56,1.42,5.45,1.77
1016,3.98,3.15,4.09,1.86,3.02,2.0
1017,2.93,3.69,4.61,1.07,4.97,1.74
1018,4.79,2.85,3.45,1.11,4.28,1.3
1019,4.19,2.44,4.42,1.14,5.57,1.78
1020,5.5,3.16,3.89,0.83,3.48,1.95
1021,4.5,2.26,3.54,1.16,4.22,1.64
1022,4.36,2.59,3.13,1.16,3.34,1.94
1023,4.59,2.59,3.31,1.51,5.81,1.86
1024,5.56,3.15,3.15,1.38,4.76,1.35
1025,4.98,2.53,2.53,1.48,4.47,1.43
1026,3.25,2.32,3.64,1.51,5.68,1.37
1027,3.16,1.77,2.49,1.77,5.29,1.84
1028,5.64,1.36,2.94,1.41,4.55,1.52
1029,4.35,1.33,3.35,1.55,3.59,1.22
1030,4.4,2.1,2.11,1.67,4.37,1.44
1031,3.72,1.33,4.37,1.78,4.81,1.82
1032,3.43,2.11,3.42,1.68,3.73,1.4
1033,4.3,1.9,2.75,1.55,4.24,1.05
1034,2.93,1.55,3.31,1.65,3.98,1.26
1035,4.04,1.86,4.35,1.79,4.38,0.98
1036,3.18,0.77,4.83,1.19,4.9,1.02
1037,2.89,1.11,2.79,1.14,3.84,1.02
1038,3.17,1.43,3.71,0.76,2.57,0.94
1039,2.38,1.3,2.82,1.27,4.32,1.11
1040,3.14,1.01,3.7,1.67,3.9,0.68
1041,1.8,0.9,3.1,1.16,3.88,0.6
1042,2.44,0.86,3.28,1.36,4.2,0.74
1043,1.82,1.1,3.05,1.21,4.0,0.54
1044,1.47,0.99,3.39,0.81,4.5,0.58
1045,1.64,0.99,3.98,1.1,1.9,0.58
1046,1.29,0.87,3.82,0.95,5.33,0.52
1047,1.15,0.66,3.84,0.65,3.3,0.3
1048,1.04,0.49,4.27,0.75,5.37,0.33
1049,0.72,0.52,3.72,0.93,2.54,0.23
1050,1.08,0.36,3.54,1.05,2.71,0.21
1051,1.17,1.74,3.93,1.16,3.25,2.47
1052,1.05,2.68,4.06,1.62,4.1,1.85
1053,1.67,3.36,4.59,1.18,4.62,2.28
1054,1.22,1.99,4.34,1.11,4.42,1.66
1055,1.77,3.57,4.01,1.34,4.24,2.73
1056,1.96,2.67,4.98,0.74,4.45,1.87
1057,1.72,3.1,5.05,1.34,3.07,2.94
1058,3.01,2.47,2.87,1.5,3.71,2.52
1059,1.53,2.85,3.39,1.51,3.09,1.75
1060,3.06,2.72,3.54,1.23,4.44,1.57
1061,3.24,3.14,3.55,1.79,4.15,2.09
1062,2.89,2.5,4.06,1.89,3.72,2.06
1063,5.43,2.4,4.48,1.86,3.6,1.86
1064,2.9,2.5,4.43,1.28,3.59,1.58
1065,3.16,2.54,3.83,1.55,4.16,2.06
1066,3.59,2.07,4.37,1.53,3.46,1.3
1067,4.4,3.53,3.96,1.55,4.69,2.01
1068,4.44,2.99,3.4,1.72,2.45,1.42
1069,3.68,2.28,2.61,1.38,3.85,1.39
1070,4.08,3.2,3.86,1.42,2.87,1.86
1071,3.78,2.88,2.89,1.53,3.38,1.67
1072,4.03,1.64,3.09,1.36,3.5,1.77
1073,4.73,1.78,3.84,0.9,3.64,1.63
1074,5.61,2.46,3.01,1.52,3.41,1.66
1075,4.5,2.46,2.72,1.44,3.27,1.58
1076,5.53,2.54,2.45,1.8,2.21,1.71
1077,3.85,2.3,2.98,1.97,3.81,1.43
1078,5.45,2.27,2.05,1.1,4.28,1.05
1079,3.69,1.74,3.54,1.95,4.79,1.06
1080,6.08,2.07,2.2,1.72,4.12,1.49
1081,4.84,2.46,3.4,1.05,4.85,1.35
1082,4.31,1.98,3.91,2.04,4.72,1.04
1083,3.87,1.93,2.43,1.01,3.78,1.16
1084,3.7,1.21,2.57,1.55,4.77,0.92
1085,2.45,1.61,3.18,1.91,5.86,1.12
1086,2.98,1.59,2.27,1.13,3.93,1.18
1087,2.48,1.12,3.42,1.04,5.83,0.98
1088,3.27,1.61,2.45,1.3,4.39,0.48
1089,2.87,1.15,4.29,1.07,5.16,0.64
1090,2.56,1.4,3.35,1.08,5.0,0.98
1091,1.69,1.05,3.29,1.05,3.9,0.44
1092,1.7,0.71,3.8,1.16,4.54,0.5
1093,2.22,0.71,2.61,1.29,3.87,0.7
1094,1.68,0.95,4.79,1.21,4.38,0.5
1095,1.19,0.51,3.3,0.67,5.65,0.37
1096,1.39,0.85,2.55,0.78,5.49,0.4
1097,1.16,0.43,4.87,0.78,5.69,0.34
1098,0.94,0.39,3.61,0.78,4.65,0.32
1099,0.68,0.31,2.6,0.64,3.52,0.26
1100,0.76,0.21,2.94,1.23,4.3,0.14
1101,0.79,2.13,4.48,1.35,3.23,2.21
1102,1.29,2.74,4.1,1.29,3.27,2.45
1103,1.41,2.37,4.39,1.0,3.02,1.8
1104,1.7,2.4,7.35,1.09,2.94,2.6
1105,1.09,2.14,4.81,0.99,5.47,1.23
1106,2.45,3.31,4.96,0.85,3.55,2.38
1107,2.34,2.79,6.49,1.28,3.92,1.41
1108,2.57,1.92,4.37,1.32,4.19,2.1
1109,1.75,3.24,4.32,1.42,3.25,2.9
1110,2.48,2.44,4.49,1.31,4.95,2.6
1111,3.05,2.81,4.16,1.45,4.07,2.28
1112,3.2,3.56,3.32,1.79,3.73,2.5
1113,2.38,2.78,3.26,1.97,3.09,2.34
1114,3.13,3.06,4.44,1.51,3.5,2.37
1115,3.66,2.24,3.78,1.9,4.38,1.55
1116,3.29,2.29,3.71,2.12,2.8,1.51
1117,3.57,3.19,3.87,1.62,4.22,1.96
1118,4.05,1.94,3.14,1.14,4.37,1.47
1119,3.68,2.25,3.33,1.29,3.02,1.78
1120,3.92,2.46,4.44,1.4,3.34,1.75
1121,3.05,3.24,3.05,1.81,2.78,1.99
1122,3.6,2.4,1.68,1.57,3.76,1.65
1123,3.83,1.79,3.95,1.46,2.83,1.2
1124,3.69,2.37,2.66,1.51,4.47,1.48
1125,5.31,2.08,2.63,1.7,2.72,1.75
1126,2.78,1.84,3.43,1.34,5.26,1.65
1127,4.06,1.21,3.34,1.58,4.13,1.5
1128,4.51,1.8,1.89,0.89,2.73,1.11
1129,5.92,2.69,2.72,1.53,4.68,1.84
1130,3.91,1.97,2.58,1.68,4.2,1.69
1131,3.41,1.81,3.31,1.76,3.0,1.18
1132,3.99,1.88,3.91,0.9,4.26,1.41
1133,5.06,1.56,2.79,1.51,3.95,0.91
1134,3.15,2.09,2.61,1.67,2.96,1.03
1135,3.65,2.07,2.41,1.77,3.26,1.17
1136,4.71,1.35,3.26,1.37,4.37,0.7
1137,3.5,1.57,2.71,1.16,5.37,0.88
1138,2.0,1.17,3.12,1.84,3.58,0.71
1139,1.71,1.06,3.56,1.51,4.08,0.65
1140,2.26,1.11,3.9,1.08,3.31,0.93
1141,1.54,1.26,2.92,1.27,3.85,0.72
1142,2.91,0.87,3.33,1.34,3.33,0.62
1143,1.82,1.03,4.31,1.14,5.45,0.71
1144,1.7,0.93,3.57,1.08,4.31,0.42
1145,1.4,0.65,2.37,0.79,3.94,0.68
1146,1.29,0.53,2.45,0.88,4.53,0.48
1147,0.76,0.49,2.47,1.01,4.1,0.23
1148,1.23,0.49,3.06,0.95,2.63,0.26
1149,0.66,0.37,3.46,0.72,3.76,0.22
1150,0.69,0.38,4.45,0.81,4.86,0.15
1151,0.88,2.19,4.6,1.07,2.68,1.99
1152,1.24,3.15,4.39,1.41,4.31,2.58
1153,1.44,1.1,5.52,1.42,3.04,2.4
1154,1.54,2.81,4.94,1.63,3.38,1.92
1155,1.48,1.68,4.99,0.97,3.95,1.53
1156,1.93,1.43,4.17,1.75,5.02,2.3
1157,2.24,2.41,5.02,1.29,3.89,2.21
1158,2.24,2.71,5.33,1.24,4.68,1.86
1159,2.35,2.58,4.28,1.31,3.52,1.63
1160,3.26,2.75,4.45,1.17,2.51,1.95
1161,2.96,1.6,5.07,1.97,4.85,1.44
1162,4.69,2.62,3.84,1.2,3.64,2.57
1163,2.52,2.4,3.02,1.48,4.37,1.91
1164,3.83,2.53,5.56,0.9,2.14,1.39
1165,2.97,0.87,3.51,1.42,4.2,1.9
1166,4.38,2.29,3.95,1.7,2.85,1.87
1167,3.34,1.64,5.4,1.7,3.17,2.68
1168,3.66,3.53,4.11,1.36,3.76,1.9
1169,3.02,2.97,2.97,1.39,3.54,1.89
1170,3.47,2.63,3.37,1.78,2.1,1.79
1171,4.83,2.43,4.26,1.71,2.13,1.49
1172,3.53,2.13,3.41,1.3,3.54,1.81
1173,4.34,2.55,3.87,1.24,3.91,1.5
1174,3.41,1.99,2.72,1.3,4.16,1.74
1175,3.41,2.82,2.15,1.5,4.1,1.11
1176,3.82,1.71,2.4,1.4,4.78,1.11
1177,4.38,1.93,2.12,1.64,3.46,1.41
1178,5.17,1.31,2.48,1.15,3.2,1.55
1179,4.13,2.59,3.27,1.83,3.49,1.23
1180,4.02,2.12,2.8,1.9,4.47,1.19
1181,4.12,1.34,3.0,1.51,4.54,1.17
1182,4.14,1.74,3.41,1.42,4.15,0.52
1183,4.54,1.5,2.9,1.29,4.3,0.91
1184,2.91,1.59,2.73,1.18,5.61,1.2
1185,3.55,1.89,4.23,1.14,4.82,0.97
1186,3.12,1.42,2.49,1.38,4.58,0.94
1187,3.81,1.68,2.78,1.78,3.94,0.88
1188,2.94,0.81,3.05,1.07,4.17,0.79
1189,2.3,1.26,3.21,1.06,4.31,0.97
1190,1.76,0.8,4.14,1.36,2.35,0.63
1191,1.47,1.17,3.69,1.07,3.46,0.48
1192,1.75,0.9,3.25,1.61,4.06,0.43
1193,1.59,0.66,2.98,1.46,2.98,0.7
1194,1.14,0.69,2.76,1.08,3.45,0.51
1195,1.11,0.65,2.64,1.15,3.37,0.54
1196,1.23,0.67,3.5,0.77,5.23,0.39
1197,0.68,0.49,2.76,1.61,4.28,0.32
1198,0.6,0.49,3.58,1.03,4.06,0.34
1199,0.94,0.39,2.04,0.96,4.5,0.27
1200,0.53,0.31,2.86,0.94,4.16,0.14
1201,0.53,2.38,4.69,1.33,3.56,1.59
1202,0.72,2.23,5.29,1.48,3.21,2.25
1203,0.87,1.74,5.19,1.27,3.67,1.4
1204,1.31,2.31,5.33,1.09,2.02,2.02
1205,1.49,2.6,5.75,1.17,3.63,2.78
1206,2.02,3.5,6.44,1.45,3.76,1.98
1207,2.37,2.93,4.85,1.48,3.0,1.26
1208,1.73,3.12,4.82,1.09,4.2,2.05
1209,2.28,2.55,4.5,1.18,2.88,1.61
1210,2.35,2.23,5.02,1.58,3.98,2.17
1211,2.35,2.32,3.41,1.35,3.55,1.41
1212,2.8,2.33,4.75,1.69,3.84,2.39
1213,3.08,2.68,4.94,1.46,2.69,1.99
1214,3.63,3.19,3.7,1.19,2.62,2.33
1215,2.71,2.3,3.99,2.13,4.81,1.95
1216,2.85,3.49,3.55,1.91,3.8,1.48
1217,2.58,2.03,3.19,1.59,3.01,1.28
1218,4.17,2.67,3.56,1.43,4.09,2.03
1219,4.1,2.63,3.5,1.62,3.93,1.65
1220,3.53,1.87,3.8,1.13,3.92,1.59
1221,3.93,2.58,4.01,1.22,3.52,1.68
1222,4.13,2.19,3.91,1.69,5.09,1.23
1223,4.65,2.35,3.5,2.17,3.32,1.62
1224,4.81,2.36,4.02,1.24,4.39,1.7
1225,4.27,1.99,2.27,1.51,4.15,1.69
1226,5.11,1.2,2.74,1.17,4.44,1.21
1227,3.46,2.12,3.04,1.14,3.54,1.52
1228,3.9,1.5,2.96,1.9,3.85,1.08
1229,5.36,1.32,2.28,1.63,4.15,1.39
1230,3.39,1.6,3.01,2.39,3.62,0.89
1231,3.67,1.66,3.11,1.32,3.29,0.91
1232,3.46,1.76,2.1,2.11,3.52,1.31
1233,4.1,1.66,3.26,1.42,3.89,0.67
1234,2.45,1.34,2.79,1.63,2.42,0.64
1235,2.89,1.38,2.3,1.29,4.3,0.8
1236,2.41,0.95,4.5,1.5,4.95,0.98
1237,3.44,1.24,2.9,0.84,3.66,0.97
1238,2.19,1.18,3.14,1.14,3.41,0.6
1239,1.89,0.93,1.78,1.81,3.11,0.85
1240,3.16,1.09,1.8,0.77,3.71,0.73
1241,1.79,0.6,3.03,1.28,2.73,0.4
1242,1.4,0.66,3.04,1.2,3.82,0.53
1243,1.39,0.56,3.94,1.47,4.35,0.43
1244,2.26,0.84,2.56,1.09,4.15,0.52
1245,1.46,0.65,3.71,0.77,4.02,0.34
1246,1.01,0.57,3.09,0.96,5.25,0.32
1247,0.73,0.49,3.73,0.99,4.56,0.23
1248,0.8,0.53,2.72,0.97,4.54,0.2
1249,0.59,0.32,3.02,0.73,4.63,0.19
1250,0.58,0.2,2.96,1.01,3.78,0.12
1251,0.78,2.17,5.71,1.1,3.58,1.61
1252,0.88,2.16,6.4,1.3,2.33,1.71
1253,1.12,2.27,5.65,1.09,3.27,1.77
1254,1.39,2.84,4.41,1.25,4.18,2.07
1255,1.07,3.48,4.32,1.16,3.7,1.31
1256,1.97,1.89,4.31,1.5,4.78,1.46
1257,2.11,2.2,3.14,1.02,3.7,1.43
1258,2.44,2.88,2.37,1.18,4.33,1.49
1259,1.53,3.01,3.61,1.14,3.95,2.16
1260,1.7,2.89,5.7,1.05,3.22,1.75
1261,2.65,2.19,4.84,1.45,1.69,1.92
1262,2.67,1.86,3.88,1.26,3.86,1.07
1263,1.6,1.54,3.22,0.67,3.46,1.89
1264,2.42,2.69,4.3,1.51,2.53,1.72
1265,3.35,2.27,2.45,1.17,3.02,2.14
1266,3.04,2.29,4.06,0.91,3.32,1.55
1267,2.26,1.54,3.77,0.82,3.05,1.55
1268,3.72,2.17,3.52,1.38,2.66,1.14
1269,3.66,2.41,3.46,1.46,2.9,1.52
1270,4.88,1.61,3.78,1.77,2.38,1.32
1271,2.84,1.66,3.02,1.55,3.1,1.46
1272,4.27,2.37,3.87,1.38,2.24,1.07
1273,3.73,2.26,2.57,1.4,3.54,1.1
1274,3.74,2.17,3.12,1.99,3.42,1.68
1275,1.52,2.12,3.07,1.13,3.88,1.32
1276,3.71,1.92,3.0,1.14,4.1,1.62
1277,3.89,1.84,2.42,1.52,3.96,1.5
1278,4.15,1.92,2.52,1.66,5.57,1.14
1279,3.35,1.17,2.61,1.8,3.76,0.95
1280,4.14,1.76,2.35,1.66,2.09,1.19
1281,2.8,1.32,2.63,0.97,5.0,1.0
1282,1.86,1.81,2.41,1.82,3.44,1.02
1283,2.35,1.27,2.53,1.34,4.42,0.97
1284,2.44,1.46,2.7,1.84,4.88,0.94
1285,1.69,2.19,2.2,1.94,2.77,1.0
1286,3.8,1.25,3.48,1.36,3.34,0.73
1287,2.29,0.86,2.0,1.17,4.33,0.58
1288,2.59,1.22,2.94,1.63,3.43,0.77
1289,1.94,0.87,4.04,1.13,3.82,0.54
1290,2.45,0.98,3.71,1.2,3.9,0.66
1291,1.86,0.57,2.58,1.27,4.46,0.65
1292,1.59,0.72,2.47,1.42,4.56,0.71
1293,1.19,0.63,1.61,1.27,2.34,0.55
1294,1.48,0.69,2.69,1.27,5.39,0.44
1295,1.12,0.59,1.54,1.27,3.72,0.37
1296,0.95,0.53,3.54,0.57,3.41,0.23
1297,1.19,0.4,2.98,0.86,2.26,0.15
1298,0.72,0.25,3.44,1.38,4.79,0.21
1299,0.41,0.35,3.51,1.03,3.59,0.11
1300,0.36,0.14,2.83,0.94,4.02,0.09
1301,0.5,2.12,6.54,1.11,1.7,1.58
1302,1.1,2.13,5.74,1.42,3.86,1.83
1303,1.0,2.63,4.4,1.03,3.84,1.48
1304,1.08,1.61,4.2,1.38,3.57,2.48
1305,1.51,2.52,4.29,0.79,2.49,1.38
1306,1.23,1.91,3.08,1.16,2.6,1.58
1307,1.36,2.17,4.21,1.52,3.13,1.69
1308,1.99,3.3,5.76,1.18,3.89,1.6
1309,2.16,1.77,4.78,1.47,3.24,1.4
1310,1.97,2.88,3.25,1.88,2.77,1.3
1311,2.48,1.79,4.79,1.55,2.75,2.01
1312,2.13,2.16,4.74,1.65,3.72,1.74
1313,2.33,1.68,5.0,1.4,2.47,2.46
1314,1.43,2.15,3.63,1.33,3.57,1.61
1315,3.04,2.3,4.96,1.51,3.45,1.44
1316,3.37,2.11,3.94,1.57,2.54,1.67
1317,3.01,2.1,3.59,1.73,3.17,1.56
1318,3.24,2.18,3.5,1.17,2.13,1.26
1319,3.09,2.25,3.59,1.19,3.59,1.29
1320,3.14,2.2,3.93,1.27,2.23,1.71
1321,3.85,1.95,3.42,1.86,2.61,1.64
1322,4.33,2.51,1.71,1.52,2.74,1.51
1323,3.38,1.65,3.42,0.83,3.67,1.09
1324,3.34,1.73,3.18,1.76,3.98,0.99
1325,3.24,1.57,3.8,1.05,3.62,1.07
1326,3.58,1.8,2.67,1.28,4.1,1.43
1327,3.44,1.65,3.31,1.08,3.16,1.13
1328,3.01,0.92,2.6,1.92,3.63,1.57
1329,2.92,1.85,2.94,1.61,4.83,1.44
1330,2.93,1.48,2.2,1.59,2.25,0.84
1331,4.58,2.04,2.73,1.55,4.0,1.11
1332,2.34,1.48,2.36,1.11,3.3,1.09
1333,3.38,1.3,3.01,1.54,2.37,0.73
1334,2.88,1.26,2.8,1.97,3.36,1.15
1335,2.94,1.13,3.74,1.72,3.0,0.65
1336,2.4,0.75,3.37,1.54,3.79,0.98
1337,2.05,1.45,1.97,1.1,4.08,0.8
1338,1.69,0.88,2.11,1.03,2.97,0.57
1339,2.55,1.06,2.91,1.11,3.06,0.38
1340,2.12,0.64,3.08,1.18,3.01,0.9
1341,1.49,0.72,2.66,1.47,2.74,0.71
1342,1.6,0.71,2.45,1.03,3.46,0.29
1343,1.47,0.67,2.86,1.12,2.69,0.4
1344,1.08,0.46,3.85,1.01,5.3,0.29
1345,0.88,0.61,1.72,0.93,3.12,0.29
1346,0.72,0.35,3.25,1.59,3.86,0.24
1347,1.0,0.47,2.28,0.88,3.76,0.21
1348,0.63,0.28,2.3,1.03,4.11,0.18
1349,0.53,0.13,3.17,0.79,3.18,0.14
1350,0.36,0.15,2.31,1.01,4.38,0.08
1351,0.89,1.62,6.22,1.0,3.57,2.07
1352,0.73,1.8,6.39,0.97,3.01,1.51
1353,0.54,1.81,4.52,1.39,2.9,1.64
1354,1.21,2.1,2.6,0.96,3.02,1.22
1355,1.35,1.43,5.33,0.91,3.02,1.69
1356,1.57,1.7,4.45,1.98,2.98,1.57
1357,1.29,2.66,3.9,1.17,2.79,1.87
1358,1.84,2.68,3.91,1.42,3.79,2.14
1359,1.33,2.14,4.28,1.21,3.02,1.81
1360,1.61,1.72,4.08,1.9,2.16,1.89
1361,1.69,2.16,4.82,1.39,3.41,1.16
1362,1.89,2.05,3.36,1.39,3.09,1.95
1363,1.38,1.99,4.17,1.38,3.14,1.87
1364,2.93,2.56,4.87,1.52,2.8,1.88
1365,2.65,2.4,3.8,1.15,3.98,1.54
1366,2.73,2.03,3.58,0.69,3.02,1.48
1367,3.37,2.41,4.77,0.95,3.56,1.26
1368,2.63,2.38,3.93,1.14,3.58,2.23
1369,3.29,1.87,3.12,1.07,3.54,2.17
1370,4.03,2.32,3.62,1.42,3.16,1.07
1371,4.13,2.26,2.45,1.02,2.68,1.32
1372,2.79,1.99,3.18,1.41,3.42,1.41
1373,2.42,1.75,3.8,1.53,3.22,0.84
1374,3.63,1.53,2.84,0.98,3.75,1.25
1375,4.99,2.24,2.2,1.95,2.33,1.22
1376,3.17,1.97,2.9,1.44,4.5,1.23
1377,3.19,1.67,1.78,1.7,3.71,1.54
1378,2.54,1.43,3.28,1.55,3.23,1.27
1379,3.8,1.41,2.55,0.94,3.32,1.22
1380,3.35,1.13,2.52,2.22,3.84,1.17
1381,1.84,1.22,2.99,2.14,4.23,1.06
1382,3.13,1.64,3.36,1.35,3.47,0.83
1383,3.44,1.11,2.38,1.56,2.92,1.02
1384,3.2,1.39,2.58,1.54,3.43,0.54
1385,2.7,0.95,2.69,0.81,3.68,0.76
1386,3.22,0.74,3.25,1.22,4.07,0.72
1387,2.63,1.17,2.98,1.44,4.29,0.78
1388,1.87,1.44,3.13,1.24,3.44,0.58
1389,1.54,1.06,3.14,1.19,3.15,0.46
1390,2.22,0.88,2.57,1.15,4.36,0.39
1391,1.63,0.76,1.86,1.14,3.27,0.69
1392,1.4,0.47,2.26,0.99,3.39,0.25
1393,1.72,0.43,2.66,1.28,3.12,0.39
1394,1.77,0.7,3.05,1.27,3.27,0.52
1395,1.19,0.47,3.43,1.05,2.51,0.35
1396,0.97,0.47,2.71,1.14,4.13,0.25
1397,0.6,0.29,2.19,0.74,3.12,0.21
1398,0.62,0.22,2.74,0.98,3.37,0.16
1399,0.49,0.15,2.28,0.84,3.19,0.09
1400,0.28,0.1,2.49,0.96,4.21,0.06
1401,0.42,2.37,5.16,0.74,3.21,0.87
1402,1.01,1.3,6.18,1.32,3.79,1.51
1403,0.65,2.17,4.76,1.43,2.26,1.51
1404,1.1,1.62,4.93,1.22,2.76,1.39
1405,0.86,2.12,4.77,0.98,2.37,0.84
1406,1.41,2.1,5.63,1.44,2.76,1.65
1407,1.69,2.17,5.16,1.88,2.9,1.95
1408,1.07,2.69,4.8,1.32,3.03,1.64
1409,2.06,1.86,5.3,1.23,3.4,1.47
1410,1.84,1.1,4.38,0.97,3.24,1.83
1411,1.84,1.7,3.25,1.01,4.06,1.34
1412,1.71,2.13,4.3,1.15,3.34,1.08
1413,2.37,1.56,4.99,1.21,3.16,1.67
1414,3.23,2.02,3.08,1.04,2.88,1.75
1415,2.31,1.95,4.42,1.9,3.38,1.92
1416,2.38,1.5,4.39,1.1,3.42,1.44
1417,2.48,2.75,4.41,1.52,2.6,1.66
1418,3.0,2.61,3.93,1.46,2.7,1.4
1419,2.69,2.0,3.43,1.4,2.68,0.92
1420,2.55,1.8,2.87,1.78,1.89,1.66
1421,1.89,1.84,3.32,1.09,4.24,1.17
1422,2.88,1.71,2.68,1.39,3.37,1.61
1423,3.91,1.4,3.03,1.33,2.59,1.23
1424,4.38,1.68,3.38,1.49,3.88,0.88
1425,3.04,1.57,2.73,1.13,2.49,1.24
1426,2.84,1.35,3.33,1.57,4.03,1.06
1427,3.04,1.14,2.96,1.67,3.71,1.13
1428,3.57,1.24,2.45,1.42,2.88,0.87
1429,2.83,1.48,3.11,1.78,3.54,1.24
1430,2.82,1.65,2.65,1.44,2.7,1.36
1431,3.18,1.11,2.48,1.5,2.53,1.21
1432,2.76,1.18,2.69,1.35,1.58,0.66
1433,2.14,1.11,2.39,1.46,3.21,0.98
1434,2.25,0.88,2.28,1.72,2.96,0.85
1435,2.62,1.03,2.81,1.13,5.6,0.68
1436,2.41,0.99,2.5,1.59,3.42,0.8
1437,1.38,0.98,3.03,1.41,4.2,0.73
1438,2.09,0.89,2.13,1.22,3.8,0.49
1439,1.51,0.87,3.84,0.91,3.62,0.7
1440,0.97,0.69,2.91,1.49,2.18,0.63
1441,1.3,0.9,2.23,1.42,4.11,0.46
1442,1.54,0.61,2.67,1.02,2.47,0.53
1443,1.59,0.4,2.63,1.02,4.62,0.48
1444,1.11,0.62,2.71,1.31,3.79,0.36
1445,0.95,0.42,3.0,0.41,2.4,0.25
1446,0.74,0.28,2.11,1.32,3.36,0.27
1447,0.63,0.29,2.95,1.27,3.11,0.19
1448,0.67,0.23,2.7,1.36,3.87,0.06
1449,0.45,0.15,2.86,1.23,2.12,0.07
1450,0.28,0.05,2.72,1.0,3.17,0.02
1451,0.37,2.27,4.75,1.14,3.33,0.99
1452,0.44,1.99,7.87,1.33,4.19,1.54
1453,0.55,1.48,7.35,1.22,3.98,0.68
1454,0.88,2.4,4.5,0.96,3.29,1.91
1455,0.66,1.98,4.67,1.12,3.45,1.4
1456,0.72,1.83,4.92,0.96,3.75,1.35
1457,1.16,1.9,4.62,1.03,2.52,1.77
1458,1.84,1.28,3.75,1.48,2.45,1.06
1459,1.09,2.36,4.87,1.08,3.17,1.47
1460,1.52,2.31,3.2,1.7,2.9,1.25
1461,2.15,1.62,4.05,1.45,2.89,1.74
1462,1.52,1.25,4.86,1.54,2.75,1.47
1463,2.88,1.46,4.36,1.61,2.76,1.51
1464,1.94,2.16,4.15,1.01,1.86,1.7
1465,2.65,2.49,4.07,1.15,3.12,1.39
1466,1.92,1.57,3.43,1.41,2.77,1.65
1467,1.55,1.76,4.9,1.83,1.67,1.35
1468,1.95,1.58,2.22,1.63,3.43,1.4
1469,1.73,1.3,2.84,1.49,2.81,1.5
1470,2.54,1.71,2.56,0.88,3.69,1.11
1471,2.32,1.69,2.71,1.54,2.71,1.59
1472,2.9,1.62,3.92,1.73,3.15,0.99
1473,2.46,1.97,2.47,1.28,3.21,1.29
1474,3.0,1.4,3.31,1.54,3.11,1.3
1475,3.73,1.29,3.06,0.99,4.26,1.27
1476,2.18,0.95,3.32,1.59,2.82,1.51
1477,2.73,1.64,3.4,1.25,3.34,1.2
1478,2.86,1.38,2.91,1.01,4.64,1.15
1479,2.73,1.24,2.6,1.9,4.33,0.96
1480,2.84,1.72,3.28,1.49,3.03,0.86
1481,3.23,1.18,1.0,1.3,3.51,1.06
1482,1.93,1.01,1.72,2.02,2.47,0.87
1483,2.11,0.78,2.28,1.76,3.74,0.53
1484,2.48,0.91,3.16,1.82,4.41,0.62
1485,1.92,1.01,2.69,1.36,2.44,0.59
1486,2.13,0.72,2.08,1.75,4.94,0.71
1487,2.04,1.07,2.14,1.47,3.28,0.62
1488,1.73,0.92,2.52,1.64,3.61,0.62
1489,1.04,0.77,2.51,1.57,3.74,0.57
1490,2.01,0.76,2.58,1.02,3.12,0.56
1491,1.8,0.7,3.07,1.2,3.25,0.48
1492,1.33,0.78,2.43,1.07,3.54,0.41
1493,1.6,0.58,1.76,1.49,1.94,0.44
1494,0.96,0.45,2.09,0.94,4.5,0.45
1495,0.94,0.36,2.56,1.12,4.79,0.26
1496,0.93,0.27,2.47,0.85,3.1,0.19
1497,0.6,0.14,3.26,1.03,4.28,0.16
1498,0.26,0.1,2.47,1.13,4.14,0.09
1499,0.15,0.06,2.47,1.06,3.64,0.06
1500,0.11,0.0,2.39,1.0,3.05,0.0
